Org,PlayerName,p1500_org_rank,p1500_match_method,p1500_match_score,p1500_in_list,p1500_org_slug,p1500_source_url,p1500_scraped_date
WSN,Erick Mejia,,none,50.0,False,,,
SDP,Jose Espada,,none,54.54545454545454,False,,,
PHI,Daniel Robert,,none,60.0,False,,,
NYM,Justin Hagenman,,none,0.0,False,,,
ATH,Elvis Alvarado,,none,53.333333333333336,False,,,
ARI,Juan Morillo,,none,46.666666666666664,False,,,
TEX,Cole Winn,,none,54.54545454545454,False,,,
SDP,Sean Reynolds,,none,56.00000000000001,False,,,
CHW,Owen White,,none,0.0,False,,,
NYY,Yoendrys Gomez,,none,50.0,False,,,
SEA,Carlos Vargas,,none,0.0,False,,,
SDP,Eduarniel Nunez,,none,57.14285714285714,False,,,
PHI,Michael Mercado,,none,50.0,False,,,
COL,Juan Mejia,,none,52.17391304347826,False,,,
CLE,Joey Cantillo,,none,0.0,False,,,
PIT,Braxton Ashcraft,,none,0.0,False,,,
SDP,Omar Cruz,,none,63.63636363636363,False,,,
COL,Luis Peralta,,none,50.0,False,,,
KCR,Luinder Avila,7,fuzzy,100.0,True,,https://www.prospects1500.com/top-50-lists/kansas-city-royals-top-50-prospects-2026/,2026-02-05
ATH,Carlos Duran,,none,61.53846153846154,False,,,
ATH,Carlos Duran,,none,61.53846153846154,False,,,
CIN,Lyon Richardson,,none,51.85185185185186,False,,,
KCR,Jonathan Bowlan,,none,57.14285714285714,False,,,
TEX,Luis Curvelo,38,fuzzy,100.0,True,,https://www.prospects1500.com/top-50-lists/texas-rangers-top-50-prospects-2026/,2026-02-05
PIT,Mike Burrows,,none,0.0,False,,,
CLE,Erik Sabrowski,,none,0.0,False,,,
ATH,Jacob Lopez,,none,57.14285714285714,False,,,
ATH,Brady Basso,,none,57.14285714285714,False,,,
CIN,Luis Mey,28,fuzzy,100.0,True,,https://www.prospects1500.com/top-50-lists/cincinnati-reds-top-50-prospects-2026/,2026-02-05
SFG,Cole Waites,,none,54.54545454545454,False,,,
CLE,Zak Kent,,none,0.0,False,,,
MIL,Connor Thomas,,none,0.0,False,,,
PHI,Seth Johnson,,none,53.84615384615385,False,,,
DET,Tyler Owens,,none,0.0,False,,,
ATH,Anthony Maldonado,,none,44.44444444444444,False,,,
DET,Sawyer Gipson-Long,,none,0.0,False,,,
BAL,Kade Strowd,,none,0.0,False,,,
ARI,Andrew Saalfrank,,none,57.14285714285714,False,,,
CHC,Caleb Kilian,,none,63.63636363636363,False,,,
WSN,Jackson Rutledge,,none,64.28571428571428,False,,,
WSN,Orlando Ribalta,,none,55.172413793103445,False,,,
ARI,Blake Walston,,none,50.0,False,,,
TEX,Marc Church,22,fuzzy,100.0,True,,https://www.prospects1500.com/top-50-lists/texas-rangers-top-50-prospects-2026/,2026-02-05
COL,Bradley Blalock,,none,50.0,False,,,
LAA,Sam Aldegheri,12,fuzzy,100.0,True,,https://www.prospects1500.com/top-50-lists/los-angeles-angels-top-50-prospects-2026/,2026-02-05
SFG,Trevor McDonald,21,fuzzy,100.0,True,,https://www.prospects1500.com/top-50-lists/san-francisco-giants-top-50-prospects-2026/,2026-02-05
CHW,Wikelman Gonzalez,,none,0.0,False,,,
CHW,Jairo Iriarte,,none,0.0,False,,,
LAD,Edgardo Henriquez,,none,0.0,False,,,
ATL,Rolddy Munoz,,none,85.71428571428572,False,,,
WSN,Cade Cavalli,,none,61.53846153846154,False,,,
NYY,Clayton Beeter,,none,46.666666666666664,False,,,
SFG,Carson Ragsdale,,none,64.51612903225806,False,,,
LAD,Kyle Hurt,,none,0.0,False,,,
WSN,Cole Henry,,none,56.00000000000001,False,,,
LAA,Jake Eder,44,global_fuzzy,100.0,True,,https://www.prospects1500.com/top-50-lists/washington-nationals-top-50-prospects-2026/,2026-02-05
TBR,Eric Orze,,none,0.0,False,,,
CIN,Connor Phillips,,none,46.666666666666664,False,,,
ATH,Justin Sterner,,none,74.07407407407408,False,,,
PHI,Mick Abel,,none,56.00000000000001,False,,,
CIN,Yosver Zulueta,,none,48.0,False,,,
WSN,Zach Brzykcy,,none,38.46153846153846,False,,,
BAL,Brandon Young,,none,0.0,False,,,
ATH,J.T. Ginn,,none,50.0,False,,,
KCR,Noah Murdock,,none,41.666666666666664,False,,,
TBR,Ian Seymour,,none,0.0,False,,,
WSN,Andry Lara,46,fuzzy,100.0,True,,https://www.prospects1500.com/top-50-lists/washington-nationals-top-50-prospects-2026/,2026-02-05
ARI,Cristian Mena,14,fuzzy,100.0,True,,https://www.prospects1500.com/top-50-lists/arizona-diamondbacks-top-50-prospects-2026/,2026-02-05
TEX,Jose Corniell,4,fuzzy,100.0,True,,https://www.prospects1500.com/top-50-lists/texas-rangers-top-50-prospects-2026/,2026-02-05
SDP,Bradgley Rodriguez,7,fuzzy,100.0,True,,https://www.prospects1500.com/top-50-lists/san-diego-padres-top-50-prospects-2026/,2026-02-05
ARI,Yilber Diaz,,none,84.21052631578947,False,,,
STL,Gordon Graceffo,,none,0.0,False,,,
STL,Andre Granillo,,none,0.0,False,,,
MIA,Patrick Monteverde,,none,0.0,False,,,
DET,Chase Lee,,none,0.0,False,,,
STL,Matt Svanson,,none,0.0,False,,,
KCR,Andrew Hoffmann,,none,46.15384615384615,False,,,
TBR,Mason Montgomery,,none,0.0,False,,,
MIL,Robert Gasser,,none,0.0,False,,,
CHW,Nick Nastrini,,none,0.0,False,,,
SDP,Ryan Bergert,,none,66.66666666666667,False,,,
BAL,Chayce McDermott,,none,0.0,False,,,
PIT,Bubba Chandler,,none,0.0,False,,,
STL,Michael McGreevy,,none,0.0,False,,,
CHW,Sean Burke,,none,0.0,False,,,
ATL,Dylan Dodd,,none,42.10526315789473,False,,,
ATL,AJ Smith-Shawver,,none,46.15384615384615,False,,,
ATH,Grant Holman,,none,56.00000000000001,False,,,
TBR,Joe Rock,,none,0.0,False,,,
SFG,Carson Seymour,,none,64.51612903225806,False,,,
LAD,Ben Casparius,,none,0.0,False,,,
CHW,Mike Vasil,,none,0.0,False,,,
CHC,Jack Neely,34,fuzzy,100.0,True,,https://www.prospects1500.com/top-50-lists/chicago-cubs-top-50-prospects-2026/,2026-02-05
MIL,Chad Patrick,,none,0.0,False,,,
DET,Ty Madden,,none,0.0,False,,,
CLE,Doug Nikhazy,,none,0.0,False,,,
DET,Dylan Smith,,none,0.0,False,,,
TEX,Jack Leiter,,none,69.56521739130434,False,,,
NYM,Dom Hamel,,none,0.0,False,,,
BOS,Richard Fitts,,none,0.0,False,,,
MIL,Carlos Rodriguez,46,global_fuzzy,100.0,True,,https://www.prospects1500.com/top-50-lists/san-diego-padres-top-50-prospects-2026/,2026-02-05
MIL,Carlos Rodriguez,46,global_fuzzy,100.0,True,,https://www.prospects1500.com/top-50-lists/san-diego-padres-top-50-prospects-2026/,2026-02-05
MIL,Carlos Rodriguez,46,global_fuzzy,100.0,True,,https://www.prospects1500.com/top-50-lists/san-diego-padres-top-50-prospects-2026/,2026-02-05
MIL,Carlos Rodriguez,46,global_fuzzy,100.0,True,,https://www.prospects1500.com/top-50-lists/san-diego-padres-top-50-prospects-2026/,2026-02-05
CIN,Chase Petty,9,fuzzy,100.0,True,,https://www.prospects1500.com/top-50-lists/cincinnati-reds-top-50-prospects-2026/,2026-02-05
SFG,Mason Black,22,global_fuzzy,100.0,True,,https://www.prospects1500.com/top-50-lists/kansas-city-royals-top-50-prospects-2026/,2026-02-05
MIN,Pierson Ohl,,none,0.0,False,,,
MIN,Travis Adams,,none,0.0,False,,,
NYY,Will Warren,,none,51.85185185185186,False,,,
KCR,Noah Cameron,,none,69.23076923076923,False,,,
DET,Jackson Jobe,,none,0.0,False,,,
BOS,Hunter Dobbins,,none,0.0,False,,,
LAD,Jack Dreyer,,none,0.0,False,,,
COL,Jaden Hill,,none,50.0,False,,,
ATL,Didier Fuentes,3,fuzzy,100.0,True,,https://www.prospects1500.com/top-50-lists/atlanta-braves-top-50-prospects-2026/,2026-02-05
BOS,Luis Guerrero,,none,0.0,False,,,
LAD,Justin Wrobleski,,none,0.0,False,,,
HOU,Colton Gordon,,none,59.25925925925925,False,,,
ATH,Gunnar Hoglund,19,fuzzy,100.0,True,,https://www.prospects1500.com/top-50-lists/athletics-top-50-prospects-2026/,2026-02-05
ATH,Jack Perkins,11,fuzzy,100.0,True,,https://www.prospects1500.com/top-50-lists/athletics-top-50-prospects-2026/,2026-02-05
MIL,Logan Henderson,,none,0.0,False,,,
LAA,Michael Darrell-Hicks,,none,53.333333333333336,False,,,
LAA,Caden Dana,5,fuzzy,100.0,True,,https://www.prospects1500.com/top-50-lists/los-angeles-angels-top-50-prospects-2026/,2026-02-05
COL,Zach Agnos,37,fuzzy,100.0,True,,https://www.prospects1500.com/top-50-lists/colorado-rockies-top-50-prospects-2026/,2026-02-05
TOR,Mason Fluharty,,none,50.0,False,,,
TBR,Paul Gervase,,none,0.0,False,,,
CIN,Zach Maxwell,15,fuzzy,100.0,True,,https://www.prospects1500.com/top-50-lists/cincinnati-reds-top-50-prospects-2026/,2026-02-05
COL,Carson Palmquist,16,fuzzy,100.0,True,,https://www.prospects1500.com/top-50-lists/colorado-rockies-top-50-prospects-2026/,2026-02-05
SDP,David Morgan,,none,58.33333333333333,False,,,
MIL,Jacob Misiorowski,,none,0.0,False,,,
SFG,Carson Whisenhunt,12,fuzzy,100.0,True,,https://www.prospects1500.com/top-50-lists/san-francisco-giants-top-50-prospects-2026/,2026-02-05
CHW,Shane Smith,,none,0.0,False,,,
NYM,Blade Tidwell,9,global_fuzzy,100.0,True,,https://www.prospects1500.com/top-50-lists/san-francisco-giants-top-50-prospects-2026/,2026-02-05
ATH,Mason Barnett,13,fuzzy,100.0,True,,https://www.prospects1500.com/top-50-lists/athletics-top-50-prospects-2026/,2026-02-05
LAA,Garrett McDaniels,,none,55.172413793103445,False,,,
HOU,AJ Blubaugh,11,fuzzy,100.0,True,,https://www.prospects1500.com/top-50-lists/houston-astros-top-50-prospects-2026/,2026-02-05
DET,Troy Melton,,none,0.0,False,,,
MIA,Cade Gibson,,none,0.0,False,,,
TEX,Kumar Rocker,,none,53.84615384615385,False,,,
CHC,Cade Horton,,none,52.17391304347826,False,,,
MIA,Adam Mazur,,none,0.0,False,,,
WSN,Brad Lord,,none,52.63157894736843,False,,,
CLE,Parker Messick,,none,0.0,False,,,
PIT,Thomas Harrington,,none,0.0,False,,,
NYY,Cam Schlittler,,none,50.0,False,,,
NYM,Jonah Tong,,none,0.0,False,,,
ATH,Luis Morales,,none,45.45454545454546,False,,,
TOR,Jake Bloss,8,fuzzy,100.0,True,,https://www.prospects1500.com/top-50-lists/toronto-blue-jays-top-50-prospects-2026/,2026-02-05
PIT,Hunter Barco,,none,0.0,False,,,
MIL,Craig Yoho,,none,0.0,False,,,
COL,Seth Halvorsen,,none,50.0,False,,,
COL,Chase Dollander,,none,51.85185185185186,False,,,
ATL,Hurston Waldrep,,none,50.0,False,,,
SEA,Brandyn Garcia,22,global_fuzzy,100.0,True,,https://www.prospects1500.com/top-50-lists/arizona-diamondbacks-top-50-prospects-2026/,2026-02-05
LAA,Mitch Farris,30,fuzzy,100.0,True,,https://www.prospects1500.com/top-50-lists/los-angeles-angels-top-50-prospects-2026/,2026-02-05
BOS,Connelly Early,,none,0.0,False,,,
SEA,Logan Evans,,none,0.0,False,,,
NYM,Nolan McLean,,none,0.0,False,,,
CLE,Andrew Walters,,none,0.0,False,,,
NYM,Brandon Sproat,,none,0.0,False,,,
CIN,Rhett Lowder,6,fuzzy,100.0,True,,https://www.prospects1500.com/top-50-lists/cincinnati-reds-top-50-prospects-2026/,2026-02-05
LAA,Jose Fermin,,none,48.0,False,,,
CHW,Grant Taylor,,none,0.0,False,,,
NYM,Jonathan Pintaro,,none,0.0,False,,,
LAD,Roki Sasaki,,none,0.0,False,,,
LAA,Ryan Johnson,3,fuzzy,100.0,True,,https://www.prospects1500.com/top-50-lists/los-angeles-angels-top-50-prospects-2026/,2026-02-05
CIN,Chase Burns,,none,48.0,False,,,
TOR,Trey Yesavage,1,fuzzy,100.0,True,,https://www.prospects1500.com/top-50-lists/toronto-blue-jays-top-50-prospects-2026/,2026-02-05
BOS,Payton Tolle,,none,0.0,False,,,
BAL,Gerald Ogando,,none,0.0,False,,,
CIN,Dalvin Rosario,,none,57.14285714285714,False,,,
ATL,Jorge Juan,,none,44.44444444444444,False,,,
CLE,Steven Perez,,none,0.0,False,,,
CIN,Jose Franco,24,fuzzy,100.0,True,,https://www.prospects1500.com/top-50-lists/cincinnati-reds-top-50-prospects-2026/,2026-02-05
ATL,Royber Salinas,,none,53.84615384615385,False,,,
STL,Hancel Rincon,,none,0.0,False,,,
ARI,Listher Sosa,,none,51.85185185185186,False,,,
ARI,Edgar Isea,,none,56.00000000000001,False,,,
NYY,Luis Velasquez,,none,58.33333333333333,False,,,
NYM,Anthony Nunez,,none,0.0,False,,,
TOR,Adam Macko,22,fuzzy,100.0,True,,https://www.prospects1500.com/top-50-lists/toronto-blue-jays-top-50-prospects-2026/,2026-02-05
DET,Yosber Sanchez,,none,0.0,False,,,
SEA,Gabriel Sosa,,none,0.0,False,,,
STL,Sem Robberse,,none,0.0,False,,,
TEX,Gavin Collyer,,none,48.275862068965516,False,,,
TBR,Ben Peoples,,none,0.0,False,,,
BOS,Shane Drohan,,none,0.0,False,,,
LAD,Nick Frasso,,none,0.0,False,,,
STL,Tekoah Roby,,none,0.0,False,,,
MIA,Dax Fulton,,none,0.0,False,,,
MIN,Marco Raya,,none,0.0,False,,,
BOS,Luis Perales,6,global_fuzzy,100.0,True,,https://www.prospects1500.com/top-50-lists/washington-nationals-top-50-prospects-2026/,2026-02-05
HOU,Alex Santos II,33,fuzzy,100.0,True,,https://www.prospects1500.com/top-50-lists/houston-astros-top-50-prospects-2026/,2026-02-05
ATH,Stevie Emanuels,,none,58.06451612903225,False,,,
PIT,Po-Yu Chen,,none,0.0,False,,,
STL,Tink Hence,,none,0.0,False,,,
SFG,Braxton Roxby,,none,50.0,False,,,
NYY,Carson Coleman,44,fuzzy,100.0,True,,https://www.prospects1500.com/top-50-lists/new-york-yankees-top-50-prospects-2026/,2026-02-05
TBR,Evan Reifert,,none,0.0,False,,,
BAL,Kyle Brnovich,,none,0.0,False,,,
LAA,Jack Dashwood,,none,41.666666666666664,False,,,
STL,Jose Davila,,none,0.0,False,,,
MIL,Coleman Crow,,none,0.0,False,,,
MIN,Alejandro Hidalgo,,none,0.0,False,,,
TEX,Emiliano Teodo,9,fuzzy,100.0,True,,https://www.prospects1500.com/top-50-lists/texas-rangers-top-50-prospects-2026/,2026-02-05
SDP,Victor Lizarraga,24,fuzzy,100.0,True,,https://www.prospects1500.com/top-50-lists/san-diego-padres-top-50-prospects-2026/,2026-02-05
DET,Wilmer Flores,,none,0.0,False,,,
PIT,Brandan Bidois,,none,0.0,False,,,
TEX,Josh Stephan,24,fuzzy,100.0,True,,https://www.prospects1500.com/top-50-lists/texas-rangers-top-50-prospects-2026/,2026-02-05
ATL,Elison Joseph,40,fuzzy,100.0,True,,https://www.prospects1500.com/top-50-lists/atlanta-braves-top-50-prospects-2026/,2026-02-05
CIN,Jose Acuna,,none,66.66666666666667,False,,,
TEX,Aidan Curry,34,fuzzy,100.0,True,,https://www.prospects1500.com/top-50-lists/texas-rangers-top-50-prospects-2026/,2026-02-05
PHI,Moises Chace,,none,53.84615384615385,False,,,
MIL,Yerlin Rodriguez,,none,0.0,False,,,
TEX,Adrian Rodriguez,,none,68.75,False,,,
TEX,Adrian Rodriguez,,none,68.75,False,,,
TEX,Adrian Rodriguez,,none,68.75,False,,,
PHI,Eiberson Castellano,,none,48.64864864864865,False,,,
PHI,Jean Cabrera,12,fuzzy,100.0,True,,https://www.prospects1500.com/top-50-lists/philadelphia-phillies-top-50-prospects-2026/,2026-02-05
LAD,Jose Rodriguez,,none,0.0,False,,,
LAD,Jose Rodriguez,,none,0.0,False,,,
LAD,Jose Rodriguez,,none,0.0,False,,,
LAD,Jose Rodriguez,,none,0.0,False,,,
TBR,Yoniel Curet,15,global_fuzzy,100.0,True,,https://www.prospects1500.com/top-50-lists/philadelphia-phillies-top-50-prospects-2026/,2026-02-05
BAL,Juan Nunez,,none,0.0,False,,,
BAL,Juan Nunez,,none,0.0,False,,,
BOS,Yordanny Monegro,,none,0.0,False,,,
HOU,Alimber Santa,16,fuzzy,100.0,True,,https://www.prospects1500.com/top-50-lists/houston-astros-top-50-prospects-2026/,2026-02-05
NYM,Joel Diaz,,none,0.0,False,,,
BAL,Yaqui Rivera,,none,0.0,False,,,
SDP,Miguel Mendez,4,fuzzy,100.0,True,,https://www.prospects1500.com/top-50-lists/san-diego-padres-top-50-prospects-2026/,2026-02-05
CLE,Yorman Gomez,,none,0.0,False,,,
TEX,Winston Santos,5,fuzzy,100.0,True,,https://www.prospects1500.com/top-50-lists/texas-rangers-top-50-prospects-2026/,2026-02-05
TBR,Alexander Alberto,,none,0.0,False,,,
STL,Randel Clemente,,none,0.0,False,,,
SFG,Gerelmi Maldonado,36,fuzzy,100.0,True,,https://www.prospects1500.com/top-50-lists/san-francisco-giants-top-50-prospects-2026/,2026-02-05
COL,Jordy Vargas,42,fuzzy,100.0,True,,https://www.prospects1500.com/top-50-lists/colorado-rockies-top-50-prospects-2026/,2026-02-05
ARI,Ricardo Yan,,none,51.85185185185186,False,,,
COL,Welinton Herrera,14,fuzzy,100.0,True,,https://www.prospects1500.com/top-50-lists/colorado-rockies-top-50-prospects-2026/,2026-02-05
NYM,Felipe De La Cruz,,none,0.0,False,,,
NYY,Henry Lalane,9,fuzzy,100.0,True,,https://www.prospects1500.com/top-50-lists/new-york-yankees-top-50-prospects-2026/,2026-02-05
PHI,Jaydenn  Estanista,,none,46.666666666666664,False,,,
BOS,Jedixson Paez,,none,0.0,False,,,
MIN,Jose Olivares,,none,0.0,False,,,
LAA,Keythel Key,,none,45.45454545454546,False,,,
LAA,Yendy Gomez,,none,48.0,False,,,
CHW,Jarold Rosado,,none,0.0,False,,,
HOU,Miguel Ullola,7,fuzzy,100.0,True,,https://www.prospects1500.com/top-50-lists/houston-astros-top-50-prospects-2026/,2026-02-05
KCR,Felix Arronde,15,fuzzy,100.0,True,,https://www.prospects1500.com/top-50-lists/kansas-city-royals-top-50-prospects-2026/,2026-02-05
NYY,Luis Serna,45,fuzzy,100.0,True,,https://www.prospects1500.com/top-50-lists/new-york-yankees-top-50-prospects-2026/,2026-02-05
SDP,Henry Baez,9,global_fuzzy,100.0,True,,https://www.prospects1500.com/top-50-lists/athletics-top-50-prospects-2026/,2026-02-05
MIA,Jhoniel Serrano,,none,0.0,False,,,
TOR,Kendry Rojas,,none,47.61904761904761,False,,,
SDP,Andrew Moore,,none,50.0,False,,,
NYM,Douglas Orellana,,none,0.0,False,,,
DET,Gabriel Reyes,,none,0.0,False,,,
NYM,Luis Alvarez,,none,0.0,False,,,
TEX,Ismael Agreda,31,fuzzy,100.0,True,,https://www.prospects1500.com/top-50-lists/texas-rangers-top-50-prospects-2026/,2026-02-05
NYY,Michael Arias,,none,66.66666666666667,False,,,
TBR,Austin Vernon,,none,0.0,False,,,
KCR,Tyson Guerrero,,none,55.172413793103445,False,,,
PHI,Andrew Baker,,none,72.72727272727273,False,,,
NYM,Luis R. Rodriguez,,none,0.0,False,,,
TBR,Logan Workman,,none,0.0,False,,,
ATH,Ryan Cusick,,none,66.66666666666667,False,,,
CHW,Tanner McDougal,,none,0.0,False,,,
BAL,Alex Pham,,none,0.0,False,,,
CHC,Riley Martin,,none,58.33333333333333,False,,,
STL,Austin Love,,none,0.0,False,,,
BOS,Tyler Uberstine,,none,0.0,False,,,
NYM,Raimon Gomez,,none,0.0,False,,,
TEX,Mitch Bratt,13,global_fuzzy,100.0,True,,https://www.prospects1500.com/top-50-lists/arizona-diamondbacks-top-50-prospects-2026/,2026-02-05
LAD,Ronan Kopp,,none,0.0,False,,,
SEA,Michael Morales,,none,0.0,False,,,
DET,RJ Petit,28,global_fuzzy,100.0,True,,https://www.prospects1500.com/top-50-lists/colorado-rockies-top-50-prospects-2026/,2026-02-05
CLE,Will Dion,,none,0.0,False,,,
CHC,Zac Leigh,,none,42.10526315789473,False,,,
CIN,Kevin Abel,49,fuzzy,100.0,True,,https://www.prospects1500.com/top-50-lists/cincinnati-reds-top-50-prospects-2026/,2026-02-05
PHI,Andrew Painter,2,fuzzy,100.0,True,,https://www.prospects1500.com/top-50-lists/philadelphia-phillies-top-50-prospects-2026/,2026-02-05
KCR,Eric Cerantola,,none,55.172413793103445,False,,,
LAD,Peter Heubeck,,none,0.0,False,,,
NYY,Brock Selvidge,10,fuzzy,100.0,True,,https://www.prospects1500.com/top-50-lists/new-york-yankees-top-50-prospects-2026/,2026-02-05
DET,Tyler Mattison,,none,0.0,False,,,
CLE,Franco Aleman,,none,0.0,False,,,
TEX,Robby Ahlstrom,,none,50.0,False,,,
KCR,Frank Mozzicato,24,fuzzy,100.0,True,,https://www.prospects1500.com/top-50-lists/kansas-city-royals-top-50-prospects-2026/,2026-02-05
TBR,Jack Hartman,,none,0.0,False,,,
KCR,Ben Kudrna,10,fuzzy,100.0,True,,https://www.prospects1500.com/top-50-lists/kansas-city-royals-top-50-prospects-2026/,2026-02-05
KCR,Shane Panzini,30,fuzzy,100.0,True,,https://www.prospects1500.com/top-50-lists/kansas-city-royals-top-50-prospects-2026/,2026-02-05
PIT,Anthony Solometo,,none,0.0,False,,,
LAA,Walbert Urena,24,fuzzy,100.0,True,,https://www.prospects1500.com/top-50-lists/los-angeles-angels-top-50-prospects-2026/,2026-02-05
LAD,Reynaldo Yean,,none,0.0,False,,,
CLE,Kendeglys Virguez,,none,0.0,False,,,
KCR,Yunior Marte,20,global_fuzzy,100.0,True,,https://www.prospects1500.com/top-50-lists/san-francisco-giants-top-50-prospects-2026/,2026-02-05
KCR,Yunior Marte,20,global_fuzzy,100.0,True,,https://www.prospects1500.com/top-50-lists/san-francisco-giants-top-50-prospects-2026/,2026-02-05
DET,Joseph Montalvo,,none,0.0,False,,,
WSN,Jarlin Susana,3,fuzzy,100.0,True,,https://www.prospects1500.com/top-50-lists/washington-nationals-top-50-prospects-2026/,2026-02-05
TOR,Fernando Perez,26,fuzzy,100.0,True,,https://www.prospects1500.com/top-50-lists/toronto-blue-jays-top-50-prospects-2026/,2026-02-05
NYM,Jose Chirinos,,none,0.0,False,,,
LAD,Christian Zazueta,,none,0.0,False,,,
ATH,Richard Fernandez,,none,48.0,False,,,
PHI,Juan Amarante,48,fuzzy,100.0,True,,https://www.prospects1500.com/top-50-lists/philadelphia-phillies-top-50-prospects-2026/,2026-02-05
CHW,Aldrin Batista,,none,0.0,False,,,
TEX,Enrique Segura,41,fuzzy,100.0,True,,https://www.prospects1500.com/top-50-lists/texas-rangers-top-50-prospects-2026/,2026-02-05
NYY,Hansel Rosario,,none,51.85185185185186,False,,,
HOU,Jose Fleury,14,fuzzy,100.0,True,,https://www.prospects1500.com/top-50-lists/houston-astros-top-50-prospects-2026/,2026-02-05
NYM,Wellington Aracena,,none,0.0,False,,,
STL,Leonel Sequera,,none,0.0,False,,,
LAD,Sean Paul Linan,,none,0.0,False,,,
ARI,Yu-Min Lin,20,fuzzy,100.0,True,,https://www.prospects1500.com/top-50-lists/arizona-diamondbacks-top-50-prospects-2026/,2026-02-05
BAL,Luis De Leon,40,global_fuzzy,100.0,True,,https://www.prospects1500.com/top-50-lists/san-diego-padres-top-50-prospects-2026/,2026-02-05
BAL,Luis De Leon,40,global_fuzzy,100.0,True,,https://www.prospects1500.com/top-50-lists/san-diego-padres-top-50-prospects-2026/,2026-02-05
BAL,Luis De Leon,40,global_fuzzy,100.0,True,,https://www.prospects1500.com/top-50-lists/san-diego-padres-top-50-prospects-2026/,2026-02-05
ATL,Jhancarlos  Lara,17,fuzzy,100.0,True,,https://www.prospects1500.com/top-50-lists/atlanta-braves-top-50-prospects-2026/,2026-02-05
SDP,Francis Pena,23,fuzzy,100.0,True,,https://www.prospects1500.com/top-50-lists/san-diego-padres-top-50-prospects-2026/,2026-02-05
TBR,Santiago Suarez,,none,0.0,False,,,
NYY,Carlos Lagrange,4,fuzzy,100.0,True,,https://www.prospects1500.com/top-50-lists/new-york-yankees-top-50-prospects-2026/,2026-02-05
HOU,Wilmy Sanchez,,none,54.54545454545454,False,,,
NYY,Elmer Rodriguez-Cruz,,none,66.66666666666667,False,,,
NYY,Franyer Herrera,,none,46.666666666666664,False,,,
LAA,Carlos Espinosa,,none,53.333333333333336,False,,,
KCR,Yeri Perez,,none,47.61904761904761,False,,,
MIA,Liomar Martinez,,none,0.0,False,,,
HOU,Juan Bello,28,fuzzy,100.0,True,,https://www.prospects1500.com/top-50-lists/houston-astros-top-50-prospects-2026/,2026-02-05
CLE,Jogly Garcia,,none,0.0,False,,,
STL,Yordy Herrera,,none,0.0,False,,,
CIN,Ovis Portes,,none,52.17391304347826,False,,,
LAA,Joel Hurtado,26,fuzzy,100.0,True,,https://www.prospects1500.com/top-50-lists/los-angeles-angels-top-50-prospects-2026/,2026-02-05
TOR,Anders Tolhurst,,none,53.333333333333336,False,,,
MIA,Dale Stanavich,,none,0.0,False,,,
MIA,Josh White,,none,0.0,False,,,
MIA,Jacob Miller,,none,0.0,False,,,
MIA,Jacob Miller,,none,0.0,False,,,
SFG,Liam Simon,,none,52.17391304347826,False,,,
WSN,Tyler Stuart,,none,46.15384615384615,False,,,
WSN,Marquis Grissom Jr.,,none,55.172413793103445,False,,,
PIT,Cy Nielson,,none,0.0,False,,,
TBR,Marcus Johnson,,none,0.0,False,,,
TEX,Wilian Bormie,43,fuzzy,100.0,True,,https://www.prospects1500.com/top-50-lists/texas-rangers-top-50-prospects-2026/,2026-02-05
ATL,Owen Murphy,6,fuzzy,100.0,True,,https://www.prospects1500.com/top-50-lists/atlanta-braves-top-50-prospects-2026/,2026-02-05
SDP,Braden Nett,5,global_fuzzy,100.0,True,,https://www.prospects1500.com/top-50-lists/athletics-top-50-prospects-2026/,2026-02-05
ATL,Blake Burkhalter,15,fuzzy,100.0,True,,https://www.prospects1500.com/top-50-lists/atlanta-braves-top-50-prospects-2026/,2026-02-05
CHW,Mason Adams,,none,0.0,False,,,
ARI,Dylan Ray,29,fuzzy,100.0,True,,https://www.prospects1500.com/top-50-lists/arizona-diamondbacks-top-50-prospects-2026/,2026-02-05
ATL,JR Ritchie,2,fuzzy,100.0,True,,https://www.prospects1500.com/top-50-lists/atlanta-braves-top-50-prospects-2026/,2026-02-05
LAD,Chris Campos,,none,0.0,False,,,
ARI,Spencer Giesting,36,fuzzy,100.0,True,,https://www.prospects1500.com/top-50-lists/arizona-diamondbacks-top-50-prospects-2026/,2026-02-05
SFG,Jack Choate,42,fuzzy,100.0,True,,https://www.prospects1500.com/top-50-lists/san-francisco-giants-top-50-prospects-2026/,2026-02-05
DET,Jake Miller,,none,0.0,False,,,
DET,Jake Miller,,none,0.0,False,,,
TEX,David Davalillo,3,fuzzy,100.0,True,,https://www.prospects1500.com/top-50-lists/texas-rangers-top-50-prospects-2026/,2026-02-05
BOS,Dalton Rogers,,none,0.0,False,,,
COL,Michael Prosecky,36,fuzzy,100.0,True,,https://www.prospects1500.com/top-50-lists/colorado-rockies-top-50-prospects-2026/,2026-02-05
MIA,William Kempner,,none,0.0,False,,,
BAL,Cameron Weston,,none,0.0,False,,,
BAL,Trace Bright,,none,0.0,False,,,
MIN,C.J. Culpepper,,none,0.0,False,,,
MIN,Andrew Morris,,none,0.0,False,,,
CHW,Eric Adler,,none,0.0,False,,,
BOS,David Sandlin,,none,0.0,False,,,
TBR,Trevor Martin,,none,0.0,False,,,
CIN,Kenya Huggins,30,global_fuzzy,100.0,True,,https://www.prospects1500.com/top-50-lists/athletics-top-50-prospects-2026/,2026-02-05
NYY,Eric Reyzelman ,31,fuzzy,100.0,True,,https://www.prospects1500.com/top-50-lists/new-york-yankees-top-50-prospects-2026/,2026-02-05
CIN,Adam Serwinowski,,none,45.16129032258065,False,,,
PHI,Alex McFarlane,23,fuzzy,100.0,True,,https://www.prospects1500.com/top-50-lists/philadelphia-phillies-top-50-prospects-2026/,2026-02-05
TOR,Ryan Jennings,48,fuzzy,100.0,True,,https://www.prospects1500.com/top-50-lists/toronto-blue-jays-top-50-prospects-2026/,2026-02-05
MIA,Karson Milbrandt,,none,0.0,False,,,
COL,Gabriel Hughes,15,fuzzy,100.0,True,,https://www.prospects1500.com/top-50-lists/colorado-rockies-top-50-prospects-2026/,2026-02-05
TBR,Dylan Lesko,,none,0.0,False,,,
TOR,Brandon Barriera,20,fuzzy,100.0,True,,https://www.prospects1500.com/top-50-lists/toronto-blue-jays-top-50-prospects-2026/,2026-02-05
LAD,Lucas Wepf,,none,0.0,False,,,
MIA,Robby Snelling,,none,0.0,False,,,
STL,Brycen Mautz,,none,0.0,False,,,
CHW,Tyler Schweitzer,,none,0.0,False,,,
STL,Cooper Hjerpe,,none,0.0,False,,,
WSN,Jake Bennett,,none,66.66666666666667,False,,,
SFG,Marques Johnson,,none,48.0,False,,,
CHW,Peyton Pallette,,none,0.0,False,,,
STL,Max Rajcic,,none,0.0,False,,,
SDP,Cole Paplham,,none,43.47826086956522,False,,,
CHC,Brandon Birdsell,11,fuzzy,100.0,True,,https://www.prospects1500.com/top-50-lists/chicago-cubs-top-50-prospects-2026/,2026-02-05
STL,Pete Hansen,,none,0.0,False,,,
MIN,Connor Prielipp,,none,0.0,False,,,
WSN,Riley Cornelio,40,fuzzy,100.0,True,,https://www.prospects1500.com/top-50-lists/washington-nationals-top-50-prospects-2026/,2026-02-05
CHC,Connor Noland,24,fuzzy,100.0,True,,https://www.prospects1500.com/top-50-lists/chicago-cubs-top-50-prospects-2026/,2026-02-05
BOS,Alex Hoppe,,none,0.0,False,,,
PIT,Dominic Perachi,,none,0.0,False,,,
LAD,Jared Karros,,none,0.0,False,,,
LAA,Samy Natera Jr.,20,fuzzy,100.0,True,,https://www.prospects1500.com/top-50-lists/los-angeles-angels-top-50-prospects-2026/,2026-02-05
SDP,Isaiah Lowe,12,fuzzy,100.0,True,,https://www.prospects1500.com/top-50-lists/san-diego-padres-top-50-prospects-2026/,2026-02-05
CLE,Austin Peterson,,none,0.0,False,,,
LAD,Payton Martin,,none,0.0,False,,,
HOU,Michael Knorr,,none,45.45454545454546,False,,,
HOU,Andrew Taylor,36,fuzzy,100.0,True,,https://www.prospects1500.com/top-50-lists/houston-astros-top-50-prospects-2026/,2026-02-05
KCR,Steven Zobac,14,fuzzy,100.0,True,,https://www.prospects1500.com/top-50-lists/kansas-city-royals-top-50-prospects-2026/,2026-02-05
SDP,Jagger Haynes,21,fuzzy,100.0,True,,https://www.prospects1500.com/top-50-lists/san-diego-padres-top-50-prospects-2026/,2026-02-05
SEA,Marcelo Perez,,none,0.0,False,,,
LAD,Jackson Ferris,,none,0.0,False,,,
KCR,Henry Williams,32,fuzzy,100.0,True,,https://www.prospects1500.com/top-50-lists/kansas-city-royals-top-50-prospects-2026/,2026-02-05
MIN,Darren Bowen,,none,0.0,False,,,
CHW,Noah Schultz,,none,0.0,False,,,
STL,Luis Gastelum,,none,0.0,False,,,
TBR,Gary Gill Hill,,none,0.0,False,,,
TBR,Yereny Teus,,none,0.0,False,,,
LAD,Luis Carias,,none,0.0,False,,,
LAD,Samuel Sanchez,,none,0.0,False,,,
LAA,Francis Texido,,none,46.15384615384615,False,,,
COL,Sandy Ozuna,40,fuzzy,100.0,True,,https://www.prospects1500.com/top-50-lists/colorado-rockies-top-50-prospects-2026/,2026-02-05
LAA,Yeferson Vargas,,none,48.275862068965516,False,,,
ATH,Yunior Tur,44,fuzzy,100.0,True,,https://www.prospects1500.com/top-50-lists/athletics-top-50-prospects-2026/,2026-02-05
MIA,Janero Miller,,none,0.0,False,,,
TBR,Jackson Lancaster,,none,0.0,False,,,
PHI,Mavis Graves,25,fuzzy,100.0,True,,https://www.prospects1500.com/top-50-lists/philadelphia-phillies-top-50-prospects-2026/,2026-02-05
MIN,Adrian  Bohorquez,,none,0.0,False,,,
ARI,Yordin Chalas,34,fuzzy,100.0,True,,https://www.prospects1500.com/top-50-lists/arizona-diamondbacks-top-50-prospects-2026/,2026-02-05
ATL,Luis Arestigueta,44,fuzzy,100.0,True,,https://www.prospects1500.com/top-50-lists/atlanta-braves-top-50-prospects-2026/,2026-02-05
BOS,Jose Bello,,none,0.0,False,,,
DET,Kelvis Salcedo,,none,0.0,False,,,
LAD,Marlon Nieves,,none,0.0,False,,,
BOS,Juan Valera,,none,0.0,False,,,
TEX,Kohl Drake,11,global_fuzzy,100.0,True,,https://www.prospects1500.com/top-50-lists/arizona-diamondbacks-top-50-prospects-2026/,2026-02-05
CLE,Michael Kennedy,,none,0.0,False,,,
CLE,Jackson  Humphries,,none,0.0,False,,,
SEA,Jeter Martinez,,none,0.0,False,,,
PIT,David Matoma,,none,0.0,False,,,
MIA,Keyner Benitez,,none,0.0,False,,,
MIN,Jacob Wosinski,,none,0.0,False,,,
LAA,Ubaldo Soto,37,fuzzy,100.0,True,,https://www.prospects1500.com/top-50-lists/los-angeles-angels-top-50-prospects-2026/,2026-02-05
LAD,Jose Vasquez,,none,0.0,False,,,
SFG,Brayan Narvaez,,none,57.14285714285714,False,,,
MIA,Yohanfer Santana,,none,0.0,False,,,
TEX,Michael Valverde,,none,48.275862068965516,False,,,
MIN,Kyle Bischoff,,none,0.0,False,,,
TBR,Jose Urbina,,none,0.0,False,,,
TBR,Jose Urbina,,none,0.0,False,,,
SEA,Ashton Izzi,18,global_fuzzy,100.0,True,,https://www.prospects1500.com/top-50-lists/arizona-diamondbacks-top-50-prospects-2026/,2026-02-05
DET,Tanner Kohlhepp,,none,0.0,False,,,
BAL,Keeler Morfe,,none,0.0,False,,,
TEX,Kolton Curtis,35,fuzzy,100.0,True,,https://www.prospects1500.com/top-50-lists/texas-rangers-top-50-prospects-2026/,2026-02-05
SFG,Trent Harris,34,fuzzy,100.0,True,,https://www.prospects1500.com/top-50-lists/san-francisco-giants-top-50-prospects-2026/,2026-02-05
TEX,Paul Bonzagni,28,fuzzy,100.0,True,,https://www.prospects1500.com/top-50-lists/texas-rangers-top-50-prospects-2026/,2026-02-05
LAA,Camden Minacci,41,fuzzy,100.0,True,,https://www.prospects1500.com/top-50-lists/los-angeles-angels-top-50-prospects-2026/,2026-02-05
ARI,Hayden Durke,49,fuzzy,100.0,True,,https://www.prospects1500.com/top-50-lists/arizona-diamondbacks-top-50-prospects-2026/,2026-02-05
ARI,Roman Angelo,,none,56.00000000000001,False,,,
TEX,Skylar Hales,,none,46.15384615384615,False,,,
TEX,Ryan Lobus,,none,46.15384615384615,False,,,
PIT,Carlson Reed,,none,0.0,False,,,
HOU,Colby Langford,43,fuzzy,100.0,True,,https://www.prospects1500.com/top-50-lists/houston-astros-top-50-prospects-2026/,2026-02-05
CIN,Sheng-En  Lin,20,fuzzy,100.0,True,,https://www.prospects1500.com/top-50-lists/cincinnati-reds-top-50-prospects-2026/,2026-02-05
CHW,Carson Jacobs,,none,0.0,False,,,
STL,Chen-Wei Lin,,none,0.0,False,,,
STL,Jacob Odle,,none,0.0,False,,,
ARI,Kyle Amendt,,none,52.63157894736843,False,,,
CLE,Matt Jachec,,none,0.0,False,,,
MIL,K.C. Hunt,,none,0.0,False,,,
TOR,Bo Bonds,,none,41.666666666666664,False,,,
ATH,Will Johnston,28,fuzzy,100.0,True,,https://www.prospects1500.com/top-50-lists/athletics-top-50-prospects-2026/,2026-02-05
MIA,Noble Meyer,,none,0.0,False,,,
CHW,Seth Keener,,none,0.0,False,,,
CHW,Christian Oppor,,none,0.0,False,,,
STL,Ixan Henderson,,none,0.0,False,,,
ATL,Lucas Braun,13,fuzzy,100.0,True,,https://www.prospects1500.com/top-50-lists/atlanta-braves-top-50-prospects-2026/,2026-02-05
HOU,Ethan Pecko,10,fuzzy,100.0,True,,https://www.prospects1500.com/top-50-lists/houston-astros-top-50-prospects-2026/,2026-02-05
BAL,Patrick Reilly,,none,0.0,False,,,
TBR,T.J. Nichols,,none,0.0,False,,,
PIT,Jaden Woods,,none,0.0,False,,,
SFG,Jacob Bresnahan,10,fuzzy,100.0,True,,https://www.prospects1500.com/top-50-lists/san-francisco-giants-top-50-prospects-2026/,2026-02-05
LAA,Barrett Kent,15,fuzzy,100.0,True,,https://www.prospects1500.com/top-50-lists/los-angeles-angels-top-50-prospects-2026/,2026-02-05
MIL,Tate Kuehner,,none,0.0,False,,,
ARI,Junior Ciprian,46,fuzzy,100.0,True,,https://www.prospects1500.com/top-50-lists/arizona-diamondbacks-top-50-prospects-2026/,2026-02-05
BAL,Ty Weatherly,,none,0.0,False,,,
SFG,Joe Whitman,15,fuzzy,100.0,True,,https://www.prospects1500.com/top-50-lists/san-francisco-giants-top-50-prospects-2026/,2026-02-05
DET,Jaden Hamm,,none,0.0,False,,,
BAL,Kiefer Lord,,none,0.0,False,,,
COL,Isaiah Coupet,,none,56.00000000000001,False,,,
COL,Jack Mahoney,49,fuzzy,100.0,True,,https://www.prospects1500.com/top-50-lists/colorado-rockies-top-50-prospects-2026/,2026-02-05
COL,Jack Mahoney,49,fuzzy,100.0,True,,https://www.prospects1500.com/top-50-lists/colorado-rockies-top-50-prospects-2026/,2026-02-05
KCR,Josh Hansell,38,fuzzy,100.0,True,,https://www.prospects1500.com/top-50-lists/kansas-city-royals-top-50-prospects-2026/,2026-02-05
HOU,James Hicks,22,fuzzy,100.0,True,,https://www.prospects1500.com/top-50-lists/houston-astros-top-50-prospects-2026/,2026-02-05
COL,Sean Sullivan,11,fuzzy,100.0,True,,https://www.prospects1500.com/top-50-lists/colorado-rockies-top-50-prospects-2026/,2026-02-05
COL,Sean Sullivan,11,fuzzy,100.0,True,,https://www.prospects1500.com/top-50-lists/colorado-rockies-top-50-prospects-2026/,2026-02-05
CLE,Matt Wilkinson,,none,0.0,False,,,
CIN,Cody Adcock,,none,45.45454545454546,False,,,
SFG,Cale Lansville,,none,55.172413793103445,False,,,
MIA,Nigel Belgrave,,none,0.0,False,,,
MIA,Josh Ekness,,none,0.0,False,,,
ATH,Kade Morris,15,fuzzy,100.0,True,,https://www.prospects1500.com/top-50-lists/athletics-top-50-prospects-2026/,2026-02-05
BOS,Hayden Mullins,,none,0.0,False,,,
BOS,Blake Wehunt,,none,0.0,False,,,
BAL,Trey Gibson,,none,0.0,False,,,
MIA,Thomas White,,none,0.0,False,,,
TBR,Owen Wild,,none,0.0,False,,,
NYM,Jack Wenninger,,none,0.0,False,,,
LAD,Patrick Copen,,none,0.0,False,,,
BAL,Braxton Bragg,,none,0.0,False,,,
ATL,Drue Hackenberg,11,fuzzy,100.0,True,,https://www.prospects1500.com/top-50-lists/atlanta-braves-top-50-prospects-2026/,2026-02-05
ATL,Garrett Baumann,12,fuzzy,100.0,True,,https://www.prospects1500.com/top-50-lists/atlanta-braves-top-50-prospects-2026/,2026-02-05
TOR,Landen Maroudis,37,fuzzy,100.0,True,,https://www.prospects1500.com/top-50-lists/toronto-blue-jays-top-50-prospects-2026/,2026-02-05
TOR,Juaron Watts-Brown,,none,45.16129032258065,False,,,
MIL,Brett Wichrowski,,none,0.0,False,,,
STL,Quinn Mathews,,none,0.0,False,,,
TBR,Ty Johnson,,none,0.0,False,,,
HOU,Jackson Nezuh,17,fuzzy,100.0,True,,https://www.prospects1500.com/top-50-lists/houston-astros-top-50-prospects-2026/,2026-02-05
WSN,Alex Clemmey,10,fuzzy,100.0,True,,https://www.prospects1500.com/top-50-lists/washington-nationals-top-50-prospects-2026/,2026-02-05
LAA,George Klassen,4,fuzzy,100.0,True,,https://www.prospects1500.com/top-50-lists/los-angeles-angels-top-50-prospects-2026/,2026-02-05
BAL,Levi Wells,,none,0.0,False,,,
MIL,Ryan Birchard,,none,0.0,False,,,
MIN,Charlee Soto,,none,0.0,False,,,
TOR,Kai Peterson,,none,50.0,False,,,
ARI,Sam Knowlton,,none,38.46153846153846,False,,,
TBR,Jackson Baumeister,,none,0.0,False,,,
PIT,Khristian Curtis,,none,0.0,False,,,
BOS,Jojo Ingrassia,,none,0.0,False,,,
BAL,Michael Forret,,none,0.0,False,,,
NYY,Ben Shields,38,global_fuzzy,100.0,True,,https://www.prospects1500.com/top-50-lists/colorado-rockies-top-50-prospects-2026/,2026-02-05
CHC,Nick Dean,22,fuzzy,100.0,True,,https://www.prospects1500.com/top-50-lists/chicago-cubs-top-50-prospects-2026/,2026-02-05
BAL,Zach Fruit,,none,0.0,False,,,
CHC,Will Sanders,19,fuzzy,100.0,True,,https://www.prospects1500.com/top-50-lists/chicago-cubs-top-50-prospects-2026/,2026-02-05
TBR,Drew Dowd,,none,0.0,False,,,
KCR,Blake Wolters,20,fuzzy,100.0,True,,https://www.prospects1500.com/top-50-lists/kansas-city-royals-top-50-prospects-2026/,2026-02-05
LAD,Eriq Swan,24,global_fuzzy,100.0,True,,https://www.prospects1500.com/top-50-lists/washington-nationals-top-50-prospects-2026/,2026-02-05
TBR,Brody Hopkins,,none,0.0,False,,,
BAL,Nestor German,,none,0.0,False,,,
TOR,Grant Rogers,,none,50.0,False,,,
HOU,Alonzo Tredwell,21,fuzzy,100.0,True,,https://www.prospects1500.com/top-50-lists/houston-astros-top-50-prospects-2026/,2026-02-05
MIL,Bishop Letson,,none,0.0,False,,,
WSN,Travis Sykora,1,fuzzy,100.0,True,,https://www.prospects1500.com/top-50-lists/washington-nationals-top-50-prospects-2026/,2026-02-05
ATH,Steven Echavarria,14,fuzzy,100.0,True,,https://www.prospects1500.com/top-50-lists/athletics-top-50-prospects-2026/,2026-02-05
CHC,Nazier Mule,26,fuzzy,95.23809523809523,True,,https://www.prospects1500.com/top-50-lists/chicago-cubs-top-50-prospects-2026/,2026-02-05
CIN,Cole Schoenwetter,32,fuzzy,100.0,True,,https://www.prospects1500.com/top-50-lists/cincinnati-reds-top-50-prospects-2026/,2026-02-05
PIT,Zander Mueth,,none,0.0,False,,,
NYY,Chris Kean,,none,58.33333333333333,False,,,
DET,Paul Wilson,,none,0.0,False,,,
LAD,Hyun-Seok Jang,,none,0.0,False,,,
KCR,Hiro Wyatt,25,fuzzy,100.0,True,,https://www.prospects1500.com/top-50-lists/kansas-city-royals-top-50-prospects-2026/,2026-02-05
CIN,Adrian Herrera,,none,55.172413793103445,False,,,
TBR,Trevor Harrison,,none,0.0,False,,,
CHC,Jaxon Wiggins,2,fuzzy,100.0,True,,https://www.prospects1500.com/top-50-lists/chicago-cubs-top-50-prospects-2026/,2026-02-05
LAD,Alex Makarewich,,none,0.0,False,,,
LAD,Wyatt Crowell,,none,0.0,False,,,
STL,Branneli Franco,,none,0.0,False,,,
MIN,Yoel Roque,,none,0.0,False,,,
WSN,Jose Feliz,,none,47.61904761904761,False,,,
MIA,Kifraidy Encarnacion,,none,0.0,False,,,
HOU,Anderson Brito,,none,77.41935483870968,False,,,
SDP,Luis Maracara,37,fuzzy,100.0,True,,https://www.prospects1500.com/top-50-lists/san-diego-padres-top-50-prospects-2026/,2026-02-05
COL,Gregory Sanchez,,none,46.15384615384615,False,,,
BOS,Yhoiker Fajardo,,none,0.0,False,,,
PIT,Reinold Navarro,,none,0.0,False,,,
MIA,Manuel Genao,,none,0.0,False,,,
MIA,Jose Paulino,,none,0.0,False,,,
MIA,Jose Paulino,,none,0.0,False,,,
BAL,Esteban Mejia,46,global_fuzzy,100.0,True,,https://www.prospects1500.com/top-50-lists/texas-rangers-top-50-prospects-2026/,2026-02-05
BAL,Esteban Mejia,46,global_fuzzy,100.0,True,,https://www.prospects1500.com/top-50-lists/texas-rangers-top-50-prospects-2026/,2026-02-05
SDP,Manuel Davila,39,fuzzy,100.0,True,,https://www.prospects1500.com/top-50-lists/san-diego-padres-top-50-prospects-2026/,2026-02-05
LAD,Oliver Gonzalez,,none,0.0,False,,,
STL,Reiner Lopez,,none,0.0,False,,,
CIN,JeanPierre Ortiz,38,fuzzy,100.0,True,,https://www.prospects1500.com/top-50-lists/cincinnati-reds-top-50-prospects-2026/,2026-02-05
LAD,Sterling Patick,,none,0.0,False,,,
ARI,Grayson Hitt,,none,53.84615384615385,False,,,
SDP,Bryan Balzer,14,fuzzy,100.0,True,,https://www.prospects1500.com/top-50-lists/san-diego-padres-top-50-prospects-2026/,2026-02-05
TEX,Caden Scarborough,2,fuzzy,100.0,True,,https://www.prospects1500.com/top-50-lists/texas-rangers-top-50-prospects-2026/,2026-02-05
SDP,Humberto Cruz,5,fuzzy,100.0,True,,https://www.prospects1500.com/top-50-lists/san-diego-padres-top-50-prospects-2026/,2026-02-05
SEA,Teddy McGraw,,none,0.0,False,,,
SEA,Hunter Cranton,30,global_fuzzy,100.0,True,,https://www.prospects1500.com/top-50-lists/arizona-diamondbacks-top-50-prospects-2026/,2026-02-05
LAA,Fulton Lockhart,,none,44.44444444444444,False,,,
LAA,Najer Victor,,none,48.0,False,,,
CLE,Caden Favors,,none,0.0,False,,,
MIN,Omar Montano,,none,0.0,False,,,
CIN,Luke Hayden,41,fuzzy,100.0,True,,https://www.prospects1500.com/top-50-lists/cincinnati-reds-top-50-prospects-2026/,2026-02-05
CHW,Pierce George,,none,0.0,False,,,
CHW,Hagen Smith,,none,0.0,False,,,
HOU,Bryce Mayer,8,fuzzy,100.0,True,,https://www.prospects1500.com/top-50-lists/houston-astros-top-50-prospects-2026/,2026-02-05
SDP,Josh Mallitz,32,fuzzy,100.0,True,,https://www.prospects1500.com/top-50-lists/san-diego-padres-top-50-prospects-2026/,2026-02-05
SDP,Tyson Neighbors,,none,50.0,False,,,
ATL,Logan Samuels,45,fuzzy,100.0,True,,https://www.prospects1500.com/top-50-lists/atlanta-braves-top-50-prospects-2026/,2026-02-05
MIL,Tyson Hardin,,none,0.0,False,,,
DET,Josh Randall,35,global_fuzzy,100.0,True,,https://www.prospects1500.com/top-50-lists/washington-nationals-top-50-prospects-2026/,2026-02-05
ATL,Herick Hernandez,23,fuzzy,100.0,True,,https://www.prospects1500.com/top-50-lists/atlanta-braves-top-50-prospects-2026/,2026-02-05
NYM,Will Watson,,none,0.0,False,,,
ATL,Cam Caminiti,1,fuzzy,100.0,True,,https://www.prospects1500.com/top-50-lists/atlanta-braves-top-50-prospects-2026/,2026-02-05
NYM,Ryan Lambert,,none,0.0,False,,,
LAD,Aidan Foeller,,none,0.0,False,,,
HOU,Twine Palmer,,none,56.00000000000001,False,,,
CLE,Josh Hartle,,none,0.0,False,,,
NYM,Frank Elissalt,,none,0.0,False,,,
HOU,Cole Hertzler,31,fuzzy,100.0,True,,https://www.prospects1500.com/top-50-lists/houston-astros-top-50-prospects-2026/,2026-02-05
SEA,Brock Moore,,none,0.0,False,,,
NYM,Dylan Ross,,none,0.0,False,,,
ATL,Ethan Bagwell,25,fuzzy,100.0,True,,https://www.prospects1500.com/top-50-lists/atlanta-braves-top-50-prospects-2026/,2026-02-05
BOS,Blake Aita,,none,0.0,False,,,
BAL,Chase Allsup,,none,0.0,False,,,
LAD,Brooks Auger,,none,0.0,False,,,
KCR,Drew Beam,12,fuzzy,100.0,True,,https://www.prospects1500.com/top-50-lists/kansas-city-royals-top-50-prospects-2026/,2026-02-05
COL,Brody Brecht,4,fuzzy,100.0,True,,https://www.prospects1500.com/top-50-lists/colorado-rockies-top-50-prospects-2026/,2026-02-05
KCR,A.J. Causey,45,fuzzy,100.0,True,,https://www.prospects1500.com/top-50-lists/kansas-city-royals-top-50-prospects-2026/,2026-02-05
SEA,Jurrangelo Cijntje,,none,0.0,False,,,
KCR,Dennis Colleran,40,fuzzy,100.0,True,,https://www.prospects1500.com/top-50-lists/kansas-city-royals-top-50-prospects-2026/,2026-02-05
LAA,Chris Cortez,10,fuzzy,100.0,True,,https://www.prospects1500.com/top-50-lists/los-angeles-angels-top-50-prospects-2026/,2026-02-05
NYY,Bryce Cunningham,7,fuzzy,100.0,True,,https://www.prospects1500.com/top-50-lists/new-york-yankees-top-50-prospects-2026/,2026-02-05
STL,Braden Davis,,none,0.0,False,,,
NYM,Nate Dohm,,none,0.0,False,,,
ARI,Daniel Eagen,12,fuzzy,100.0,True,,https://www.prospects1500.com/top-50-lists/arizona-diamondbacks-top-50-prospects-2026/,2026-02-05
CIN,Ty Floyd,23,fuzzy,100.0,True,,https://www.prospects1500.com/top-50-lists/cincinnati-reds-top-50-prospects-2026/,2026-02-05
ARI,Connor Foley,,none,44.44444444444444,False,,,
LAA,Austin Gordon,39,fuzzy,100.0,True,,https://www.prospects1500.com/top-50-lists/los-angeles-angels-top-50-prospects-2026/,2026-02-05
TEX,David Hagaman,10,global_fuzzy,100.0,True,,https://www.prospects1500.com/top-50-lists/arizona-diamondbacks-top-50-prospects-2026/,2026-02-05
NYY,Ben Hess,6,fuzzy,100.0,True,,https://www.prospects1500.com/top-50-lists/new-york-yankees-top-50-prospects-2026/,2026-02-05
CIN,Luke Holman,22,fuzzy,100.0,True,,https://www.prospects1500.com/top-50-lists/cincinnati-reds-top-50-prospects-2026/,2026-02-05
BOS,John Holobetz,,none,0.0,False,,,
COL,Lebarron Johnson Jr.,46,fuzzy,100.0,True,,https://www.prospects1500.com/top-50-lists/colorado-rockies-top-50-prospects-2026/,2026-02-05
ATH,Gage Jump,2,fuzzy,100.0,True,,https://www.prospects1500.com/top-50-lists/athletics-top-50-prospects-2026/,2026-02-05
WSN,Jackson Kent,19,fuzzy,100.0,True,,https://www.prospects1500.com/top-50-lists/washington-nationals-top-50-prospects-2026/,2026-02-05
KCR,L.P. Langevin,42,fuzzy,100.0,True,,https://www.prospects1500.com/top-50-lists/kansas-city-royals-top-50-prospects-2026/,2026-02-05
MIA,Aiden May,,none,0.0,False,,,
SFG,Niko Mazza,,none,54.54545454545454,False,,,
BOS,Matt McShane,,none,0.0,False,,,
MIN,Cole Peschl,,none,0.0,False,,,
NYM,Jonathan Santucci,,none,0.0,False,,,
ATL,Luke Sinnard,14,fuzzy,100.0,True,,https://www.prospects1500.com/top-50-lists/atlanta-braves-top-50-prospects-2026/,2026-02-05
HOU,Parker Smith,27,fuzzy,100.0,True,,https://www.prospects1500.com/top-50-lists/houston-astros-top-50-prospects-2026/,2026-02-05
TOR,Khal Stephen,,none,48.0,False,,,
ATH,Sam Stuhr,46,fuzzy,100.0,True,,https://www.prospects1500.com/top-50-lists/athletics-top-50-prospects-2026/,2026-02-05
WSN,Yoel Tejeda Jr. ,32,fuzzy,100.0,True,,https://www.prospects1500.com/top-50-lists/washington-nationals-top-50-prospects-2026/,2026-02-05
CIN,Mike Villani,,none,59.25925925925925,False,,,
LAD,Jakob Wright,,none,0.0,False,,,
MIL,Jack Hostetler,,none,0.0,False,,,
ATL,Raudy Reyes,31,fuzzy,100.0,True,,https://www.prospects1500.com/top-50-lists/atlanta-braves-top-50-prospects-2026/,2026-02-05
DET,Owen Hall,,none,0.0,False,,,
DET,Ethan Schiefelbein,,none,0.0,False,,,
PIT,Levi Sterling,,none,0.0,False,,,
CLE,Braylon Doughty,,none,0.0,False,,,
SFG,Drake George,,none,58.33333333333333,False,,,
LAD,Logan Tabeling,,none,0.0,False,,,
MIL,Bryce Meccage,,none,0.0,False,,,
MIN,Dasan Hill,,none,0.0,False,,,
SDP,Kash Mayfield,,none,53.84615384615385,False,,,
SFG,Hunter Dryden,46,fuzzy,100.0,True,,https://www.prospects1500.com/top-50-lists/san-francisco-giants-top-50-prospects-2026/,2026-02-05
TOR,Johnny King,5,fuzzy,100.0,True,,https://www.prospects1500.com/top-50-lists/toronto-blue-jays-top-50-prospects-2026/,2026-02-05
SEA,Ryan Sloan,,none,0.0,False,,,
BOS,Brandon Clarke,,none,0.0,False,,,
SDP,Boston Bateman,,none,46.15384615384615,False,,,
LAD,Brady Smith,,none,0.0,False,,,
LAA,Trey Gregory-Alford,7,fuzzy,100.0,True,,https://www.prospects1500.com/top-50-lists/los-angeles-angels-top-50-prospects-2026/,2026-02-05
SDP,Kannon Kemp,29,fuzzy,100.0,True,,https://www.prospects1500.com/top-50-lists/san-diego-padres-top-50-prospects-2026/,2026-02-05
BOS,Conrad Cason,,none,0.0,False,,,
LAA,Dylan Jordan,17,fuzzy,100.0,True,,https://www.prospects1500.com/top-50-lists/los-angeles-angels-top-50-prospects-2026/,2026-02-05
MIA,Nate Payne,,none,0.0,False,,,
CLE,Joey Oakie,,none,0.0,False,,,
KCR,David Shields,6,fuzzy,100.0,True,,https://www.prospects1500.com/top-50-lists/kansas-city-royals-top-50-prospects-2026/,2026-02-05
MIA,Grant Shepardson,,none,0.0,False,,,
TEX,Maicol Reyes,,none,64.0,False,,,
TEX,Enyel Lopez,49,fuzzy,100.0,True,,https://www.prospects1500.com/top-50-lists/texas-rangers-top-50-prospects-2026/,2026-02-05
CLE,Chase Mobley,,none,0.0,False,,,
ATH,Cole Miller,24,fuzzy,100.0,True,,https://www.prospects1500.com/top-50-lists/athletics-top-50-prospects-2026/,2026-02-05
MIA,Kevin Defrank,,none,0.0,False,,,
SDP,Carlos Alvarez,30,fuzzy,100.0,True,,https://www.prospects1500.com/top-50-lists/san-diego-padres-top-50-prospects-2026/,2026-02-05
BOS,Sadbiel Delzine,,none,0.0,False,,,
MIA,Adrian  Pena,,none,0.0,False,,,
MIN,Santiago Castellanos,,none,0.0,False,,,
MIA,Pedro Montero,,none,0.0,False,,,
MIA,Eiver Mosquera,,none,0.0,False,,,
